date,underlying,close
2024-01-02,SPY,471.08
2024-01-03,SPY,473.48
2024-01-04,SPY,473.34
2024-01-05,SPY,470.44
2024-01-08,SPY,469.49
2024-01-09,SPY,466.17
2024-01-10,SPY,467.50
2024-01-11,SPY,474.53
2024-01-12,SPY,473.41
2024-01-15,SPY,471.71
2024-01-16,SPY,474.98
2024-01-17,SPY,477.67
2024-01-18,SPY,479.24
2024-01-19,SPY,476.13
2024-01-22,SPY,477.08
2024-01-23,SPY,481.32
2024-01-24,SPY,476.33
2024-01-25,SPY,475.35
2024-01-26,SPY,467.95
2024-01-29,SPY,463.34
2024-01-30,SPY,456.38
2024-01-31,SPY,456.41
2024-02-01,SPY,452.00
2024-02-02,SPY,454.19
2024-02-05,SPY,455.90
2024-02-06,SPY,456.13
2024-02-07,SPY,446.43
2024-02-08,SPY,445.18
2024-02-09,SPY,445.98
2024-02-12,SPY,447.48
2024-02-13,SPY,442.06
2024-02-14,SPY,441.07
2024-02-15,SPY,438.01
2024-02-16,SPY,435.67
2024-02-19,SPY,441.06
2024-02-20,SPY,438.70
2024-02-21,SPY,439.57
2024-02-22,SPY,444.26
2024-02-23,SPY,442.83
2024-02-26,SPY,443.37
2024-02-27,SPY,444.84
2024-02-28,SPY,446.13
2024-02-29,SPY,442.00
2024-03-01,SPY,443.32
2024-03-04,SPY,450.07
2024-03-05,SPY,444.55
2024-03-06,SPY,449.20
2024-03-07,SPY,450.73
2024-03-08,SPY,449.03
2024-03-11,SPY,458.64
2024-03-12,SPY,463.01
2024-03-13,SPY,458.83
2024-03-14,SPY,460.20
2024-03-15,SPY,463.77
2024-03-18,SPY,464.00
2024-03-19,SPY,468.07
2024-03-20,SPY,468.84
2024-03-21,SPY,472.88
2024-03-22,SPY,480.44
2024-03-25,SPY,478.47
2024-03-26,SPY,480.48
2024-03-27,SPY,479.47
2024-03-28,SPY,481.15
2024-03-29,SPY,476.86
2024-04-01,SPY,475.34
2024-04-02,SPY,475.54
2024-04-03,SPY,480.69
2024-04-04,SPY,487.03
2024-04-05,SPY,482.07
2024-04-08,SPY,479.55
2024-04-09,SPY,483.59
2024-04-10,SPY,475.65
2024-04-11,SPY,474.66
2024-04-12,SPY,475.30
2024-04-15,SPY,482.08
2024-04-16,SPY,486.33
2024-04-17,SPY,485.94
2024-04-18,SPY,485.35
2024-04-19,SPY,485.31
2024-04-22,SPY,493.47
2024-04-23,SPY,492.59
2024-04-24,SPY,492.30
2024-04-25,SPY,495.07
2024-04-26,SPY,495.63
2024-04-29,SPY,495.84
2024-04-30,SPY,491.76
2024-05-01,SPY,492.83
2024-05-02,SPY,491.89
2024-05-03,SPY,498.47
2024-05-06,SPY,502.70
2024-05-07,SPY,503.73
2024-05-08,SPY,508.07
2024-05-09,SPY,507.60
2024-05-10,SPY,513.84
2024-05-13,SPY,514.98
2024-05-14,SPY,519.01
2024-05-15,SPY,513.88
2024-05-16,SPY,516.75
2024-05-17,SPY,509.73
2024-05-20,SPY,501.16
2024-05-21,SPY,500.86
2024-05-22,SPY,497.75
2024-05-23,SPY,499.65
2024-05-24,SPY,511.53
2024-05-27,SPY,508.68
2024-05-28,SPY,506.84
2024-05-29,SPY,508.98
2024-05-30,SPY,512.53
2024-05-31,SPY,512.84
2024-06-03,SPY,513.01
2024-06-04,SPY,517.60
2024-06-05,SPY,521.33
2024-06-06,SPY,517.44
2024-06-07,SPY,518.23
2024-06-10,SPY,519.59
2024-06-11,SPY,515.61
2024-06-12,SPY,518.05
2024-06-13,SPY,515.04
2024-06-14,SPY,520.98
2024-06-17,SPY,523.12
2024-06-18,SPY,524.75
2024-06-19,SPY,523.02
2024-06-20,SPY,523.62
2024-06-21,SPY,515.00
2024-06-24,SPY,510.69
2024-06-25,SPY,513.61
2024-06-26,SPY,504.53
2024-06-27,SPY,509.74
2024-06-28,SPY,502.54
2024-07-01,SPY,507.30
2024-07-02,SPY,504.41
2024-07-03,SPY,509.30
2024-07-04,SPY,511.09
2024-07-05,SPY,504.87
2024-07-08,SPY,512.03
2024-07-09,SPY,520.23
2024-07-10,SPY,521.09
2024-07-11,SPY,520.93
2024-07-12,SPY,521.33
2024-07-15,SPY,517.72
2024-07-16,SPY,524.32
2024-07-17,SPY,522.82
2024-07-18,SPY,523.76
2024-07-19,SPY,521.03
2024-07-22,SPY,519.14
2024-07-23,SPY,514.08
2024-07-24,SPY,521.41
2024-07-25,SPY,521.84
2024-07-26,SPY,527.82
2024-07-29,SPY,529.09
2024-07-30,SPY,526.83
2024-07-31,SPY,526.40
2024-08-01,SPY,516.10
2024-08-02,SPY,508.72
2024-08-05,SPY,499.63
2024-08-06,SPY,491.06
2024-08-07,SPY,477.74
2024-08-08,SPY,467.30
2024-08-09,SPY,467.84
2024-08-12,SPY,458.20
2024-08-13,SPY,447.14
2024-08-14,SPY,442.12
2024-08-15,SPY,441.60
2024-08-16,SPY,436.63
2024-08-19,SPY,436.82
2024-08-20,SPY,435.27
2024-08-21,SPY,429.12
2024-08-22,SPY,433.16
2024-08-23,SPY,434.11
2024-08-26,SPY,435.45
2024-08-27,SPY,433.41
2024-08-28,SPY,436.33
2024-08-29,SPY,435.16
2024-08-30,SPY,435.62
2024-09-02,SPY,432.13
2024-09-03,SPY,428.22
2024-09-04,SPY,434.71
2024-09-05,SPY,433.68
2024-09-06,SPY,435.93
2024-09-09,SPY,436.84
2024-09-10,SPY,436.08
2024-09-11,SPY,435.04
2024-09-12,SPY,438.69
2024-09-13,SPY,438.50
2024-09-16,SPY,438.93
2024-09-17,SPY,440.08
2024-09-18,SPY,446.08
2024-09-19,SPY,450.04
2024-09-20,SPY,452.76
2024-09-23,SPY,451.45
2024-09-24,SPY,446.67
2024-09-25,SPY,451.78
2024-09-26,SPY,457.03
2024-09-27,SPY,457.53
2024-09-30,SPY,460.99
2024-10-01,SPY,464.54
2024-10-02,SPY,468.35
2024-10-03,SPY,472.58
2024-10-04,SPY,470.69
2024-10-07,SPY,477.62
2024-10-08,SPY,472.17
2024-10-09,SPY,476.18
2024-10-10,SPY,478.55
2024-10-11,SPY,482.66
2024-10-14,SPY,491.45
2024-10-15,SPY,498.54
2024-10-16,SPY,493.33
2024-10-17,SPY,485.66
2024-10-18,SPY,489.57
2024-10-21,SPY,485.04
2024-10-22,SPY,485.13
2024-10-23,SPY,489.15
2024-10-24,SPY,481.75
2024-10-25,SPY,472.38
2024-10-28,SPY,473.68
2024-10-29,SPY,474.02
2024-10-30,SPY,473.07
2024-10-31,SPY,473.38
2024-11-01,SPY,469.69
2024-11-04,SPY,463.16
2024-11-05,SPY,462.57
2024-11-06,SPY,458.48
2024-11-07,SPY,451.55
2024-11-08,SPY,453.85
2024-11-11,SPY,453.72
2024-11-12,SPY,455.60
2024-11-13,SPY,451.50
2024-11-14,SPY,448.83
2024-11-15,SPY,444.75
2024-11-18,SPY,441.17
2024-11-19,SPY,442.12
2024-11-20,SPY,438.99
2024-11-21,SPY,440.61
2024-11-22,SPY,442.15
2024-11-25,SPY,450.83
2024-11-26,SPY,445.07
2024-11-27,SPY,448.96
2024-11-28,SPY,448.71
2024-11-29,SPY,448.79
2024-12-02,SPY,442.81
2024-12-03,SPY,441.02
2024-12-04,SPY,444.27
2024-12-05,SPY,444.05
2024-12-06,SPY,444.53
2024-12-09,SPY,443.44
2024-12-10,SPY,448.44
2024-12-11,SPY,448.48
2024-12-12,SPY,439.38
2024-12-13,SPY,436.65
2024-12-16,SPY,428.73
2024-12-17,SPY,415.89
2024-12-18,SPY,413.93
2024-12-19,SPY,419.31
2024-12-20,SPY,419.62
2024-12-23,SPY,415.12
2024-12-24,SPY,411.57
2024-12-25,SPY,416.12
2024-12-26,SPY,416.86
2024-12-27,SPY,417.17
2024-12-30,SPY,417.09
2024-12-31,SPY,417.37
